{
  "cifar10": {
    "ELHAM": {
      "Ins_AUC_mean": 0.6605991329071084,
      "Ins_AUC_std": 0.22266578548704768,
      "Del_AUC_mean": 0.3607794499653661,
      "Del_AUC_std": 0.21011007557328482,
      "PointGame": 0.64,
      "EnergyPointGame": 0.30434667115603503,
      "Sparseness_mean": 0.34870068890007916,
      "Sparseness_std": 0.06506410525474944,
      "Time_ms": 1.5588760375976562,
      "RandR": 0.0,
      "Accuracy": 0.8871
    },
    "GradCAM": {
      "Ins_AUC_mean": 0.754932381291995,
      "Ins_AUC_std": 0.1701292676356496,
      "Del_AUC_mean": 0.3278588641082212,
      "Del_AUC_std": 0.20493709659459,
      "PointGame": 1.0,
      "EnergyPointGame": 0.30037467720431715,
      "Sparseness_mean": 0.25857663589227164,
      "Sparseness_std": 0.06417722252779907,
      "Time_ms": 4.077434539794922,
      "RandR": 0.01991011953273047,
      "Accuracy": 0.8871
    },
    "Saliency": {
      "Ins_AUC_mean": 0.5552053748733237,
      "Ins_AUC_std": 0.24659849503789413,
      "Del_AUC_mean": 0.34835994188469127,
      "Del_AUC_std": 0.21403628984319673,
      "PointGame": 0.48,
      "EnergyPointGame": 0.2778275089943104,
      "Sparseness_mean": 0.40002000480825906,
      "Sparseness_std": 0.03068944565957588,
      "Time_ms": 3.8192272186279297,
      "RandR": 0.22919471690708237,
      "Accuracy": 0.8871
    },
    "IntegratedGradients": {
      "Ins_AUC_mean": 0.6192443019453685,
      "Ins_AUC_std": 0.2440539164884951,
      "Del_AUC_mean": 0.2558257666329785,
      "Del_AUC_std": 0.19520876222283962,
      "PointGame": 0.58,
      "EnergyPointGame": 0.29925913638931534,
      "Sparseness_mean": 0.48856150628011724,
      "Sparseness_std": 0.0367844444771324,
      "Time_ms": 47.60143756866455,
      "RandR": 0.5918896404048352,
      "Accuracy": 0.8871
    },
    "SmoothGrad": {
      "Ins_AUC_mean": 0.6184145324216127,
      "Ins_AUC_std": 0.24198827493399994,
      "Del_AUC_mean": 0.31560772413729316,
      "Del_AUC_std": 0.19806062647189704,
      "PointGame": 0.44,
      "EnergyPointGame": 0.27774940569506446,
      "Sparseness_mean": 0.39988122207467824,
      "Sparseness_std": 0.036717364628299554,
      "Time_ms": 33.97676467895508,
      "RandR": 0.16871953454688507,
      "Accuracy": 0.8871
    }
  },
  "cifar100": {
    "ELHAM": {
      "Ins_AUC_mean": 0.3885567385742476,
      "Ins_AUC_std": 0.22843623187555315,
      "Del_AUC_mean": 0.10961175263172297,
      "Del_AUC_std": 0.1206531627884895,
      "PointGame": 0.76,
      "EnergyPointGame": 0.30323277929035297,
      "Sparseness_mean": 0.3247506244066598,
      "Sparseness_std": 0.05530738547682992,
      "Time_ms": 1.2590885162353516,
      "RandR": 0.0,
      "Accuracy": 0.6321
    },
    "GradCAM": {
      "Ins_AUC_mean": 0.4217350656760066,
      "Ins_AUC_std": 0.2387035883185704,
      "Del_AUC_mean": 0.12600337086510743,
      "Del_AUC_std": 0.13167600967018125,
      "PointGame": 0.9,
      "EnergyPointGame": 0.2715181343886832,
      "Sparseness_mean": 0.22608783014324355,
      "Sparseness_std": 0.09751289847324883,
      "Time_ms": 3.0475616455078125,
      "RandR": 0.40159851920994716,
      "Accuracy": 0.6321
    },
    "Saliency": {
      "Ins_AUC_mean": 0.28815004806236655,
      "Ins_AUC_std": 0.2525390834101307,
      "Del_AUC_mean": 0.0669862760666975,
      "Del_AUC_std": 0.08600439276751254,
      "PointGame": 0.62,
      "EnergyPointGame": 0.2842839555179674,
      "Sparseness_mean": 0.4019608655368217,
      "Sparseness_std": 0.03756028512387301,
      "Time_ms": 3.2244062423706055,
      "RandR": 0.37357658384593373,
      "Accuracy": 0.6321
    },
    "IntegratedGradients": {
      "Ins_AUC_mean": 0.33055106725411704,
      "Ins_AUC_std": 0.2735795457013953,
      "Del_AUC_mean": 0.061762369418386254,
      "Del_AUC_std": 0.09217282836983598,
      "PointGame": 0.64,
      "EnergyPointGame": 0.309278869619286,
      "Sparseness_mean": 0.47060113122960223,
      "Sparseness_std": 0.058190839408112933,
      "Time_ms": 46.11363410949707,
      "RandR": 0.6038707106966597,
      "Accuracy": 0.6321
    },
    "SmoothGrad": {
      "Ins_AUC_mean": 0.3202616570977102,
      "Ins_AUC_std": 0.2626073617997214,
      "Del_AUC_mean": 0.06190869034851246,
      "Del_AUC_std": 0.07587629716065165,
      "PointGame": 0.74,
      "EnergyPointGame": 0.3009641274239012,
      "Sparseness_mean": 0.3816595149636756,
      "Sparseness_std": 0.04310945793522343,
      "Time_ms": 32.39059925079346,
      "RandR": 0.40957674701380437,
      "Accuracy": 0.6321
    }
  },
  "svhn": {
    "ELHAM": {
      "Ins_AUC_mean": 0.7730522849639108,
      "Ins_AUC_std": 0.2687632859904586,
      "Del_AUC_mean": 0.32953727602770094,
      "Del_AUC_std": 0.21345838226755573,
      "PointGame": 0.56,
      "EnergyPointGame": 0.2608722154089751,
      "Sparseness_mean": 0.31845426419709794,
      "Sparseness_std": 0.09896492575077828,
      "Time_ms": 1.2765264511108398,
      "RandR": 0.0,
      "Accuracy": 0.9535571604179471
    },
    "GradCAM": {
      "Ins_AUC_mean": 0.8444530451570748,
      "Ins_AUC_std": 0.21824401510321595,
      "Del_AUC_mean": 0.20557520241297195,
      "Del_AUC_std": 0.16355116424880453,
      "PointGame": 0.92,
      "EnergyPointGame": 0.2654288622759673,
      "Sparseness_mean": 0.21171196528702432,
      "Sparseness_std": 0.047739241009565926,
      "Time_ms": 4.0726470947265625,
      "RandR": 0.14999031031143797,
      "Accuracy": 0.9535571604179471
    },
    "Saliency": {
      "Ins_AUC_mean": 0.7948728212247502,
      "Ins_AUC_std": 0.233746275587872,
      "Del_AUC_mean": 0.3867033313366329,
      "Del_AUC_std": 0.247871171372646,
      "PointGame": 0.54,
      "EnergyPointGame": 0.3161764519137643,
      "Sparseness_mean": 0.4667000061304195,
      "Sparseness_std": 0.04746439267692177,
      "Time_ms": 4.244251251220703,
      "RandR": 0.202203369751806,
      "Accuracy": 0.9535571604179471
    },
    "IntegratedGradients": {
      "Ins_AUC_mean": 0.8065522074244973,
      "Ins_AUC_std": 0.2601708815757027,
      "Del_AUC_mean": 0.30562307745828743,
      "Del_AUC_std": 0.19895126222022733,
      "PointGame": 0.5,
      "EnergyPointGame": 0.3313017558049862,
      "Sparseness_mean": 0.5174053893241792,
      "Sparseness_std": 0.05894950938881746,
      "Time_ms": 54.8382568359375,
      "RandR": 0.5847176190007868,
      "Accuracy": 0.9535571604179471
    },
    "SmoothGrad": {
      "Ins_AUC_mean": 0.8084291799224422,
      "Ins_AUC_std": 0.23364485370013247,
      "Del_AUC_mean": 0.33700270535700017,
      "Del_AUC_std": 0.2066896631355499,
      "PointGame": 0.6,
      "EnergyPointGame": 0.32289252384644485,
      "Sparseness_mean": 0.4777410817651582,
      "Sparseness_std": 0.049701736817665786,
      "Time_ms": 39.986748695373535,
      "RandR": 0.20306800300407693,
      "Accuracy": 0.9535571604179471
    }
  },
  "fashionmnist": {
    "ELHAM": {
      "Ins_AUC_mean": 0.5740576654106389,
      "Ins_AUC_std": 0.26501153195426086,
      "Del_AUC_mean": 0.4830085119390528,
      "Del_AUC_std": 0.24164026774623246,
      "PointGame": 0.62,
      "EnergyPointGame": 0.2895252644224364,
      "Sparseness_mean": 0.3029923362952227,
      "Sparseness_std": 0.08011865373431494,
      "Time_ms": 0.967869758605957,
      "RandR": 0.0,
      "Accuracy": 0.9211
    },
    "GradCAM": {
      "Ins_AUC_mean": 0.6085699934876455,
      "Ins_AUC_std": 0.2530751121141436,
      "Del_AUC_mean": 0.4991948511641311,
      "Del_AUC_std": 0.258985482091976,
      "PointGame": 0.54,
      "EnergyPointGame": 0.24687521682413333,
      "Sparseness_mean": 0.21034473347541996,
      "Sparseness_std": 0.07344244460586881,
      "Time_ms": 3.0115365982055664,
      "RandR": 0.2233487518207009,
      "Accuracy": 0.9211
    },
    "Saliency": {
      "Ins_AUC_mean": 0.559964198367343,
      "Ins_AUC_std": 0.2610457956833211,
      "Del_AUC_mean": 0.2369194077888898,
      "Del_AUC_std": 0.17909006465913396,
      "PointGame": 0.68,